store_id,item,Proc_date,Item_Description,Size,Total_units,Total_lbs,Total_Retail_$,Total_Cost_$
104,3913116850,3/30/2023,BELLATORIA BBQ CHK PIZZA,15.51 OZ,1,0,6.99,5.5
104,3913116850,4/4/2023,BELLATORIA BBQ CHK PIZZA,15.51 OZ,1,0,6.99,5.5
104,3913116850,4/16/2023,BELLATORIA BBQ CHK PIZZA,15.51 OZ,1,0,6.99,5.5
104,3913116850,4/25/2023,BELLATORIA BBQ CHK PIZZA,15.51 OZ,10,0,69.90,55.0
104,3913116850,5/4/2023,BELLATORIA BBQ CHK PIZZA,15.51 OZ,1,0,6.99,5.5
105,12345,1/1/2023,SOME OTHER PIZZA,12 OZ,5,0,25.00,20.0
105,12345,1/8/2023,SOME OTHER PIZZA,12 OZ,6,0,30.00,24.0
105,12345,1/15/2023,SOME OTHER PIZZA,12 OZ,20,0,100.00,80.0
105,12345,1/22/2023,SOME OTHER PIZZA,12 OZ,4,0,20.00,16.0
